query,department
How do I file a claim for my vehicle accident,claims
pls help me file a claim,claims
can you tell me how to submit a claim,claims
claim status pls,claims
I need help with my claim,claims
where do I send my claim docs,claims
how do I check the progress of my claim,claims
plz assist with claim submission,claims
can u help me with a claim request,claims
my claim got denied what now,claims
I want to report a new claim,claims
how do I submit a claim online,claims
pls check my claim status,claims
claim update request,claims
need help filing a claim today,claims
how can I track my claim,claims
can you explain claim process,claims
I need claim paperwork,claims
plz guide me through claim filing,claims
how do I file a claim for medical expenses,claims
my insurance claim is stuck,claims
I need to upload claim documents,claims
can u tell me if my claim is approved,claims
claim form help pls,claims
what is the status of my claim,claims
how do I start a claim,claims
pls tell me where to submit my claim,claims
I have a claim question,claims
my claim was delayed,claims
how do I contact claims team,claims
can you help me with claim refund,claims
claim settlement info,claims
I need claim number help,claims
plz tell me how to reopen a claim,claims
my claim is pending,claims
how do I file a claim for property damage,claims
please assist with claim review,claims
claim status update please,claims
can u check my claim history,claims
where is the claim form,claims
I need help with my recent claim,claims
pls show me claim steps,claims
how do I escalate a claim issue,claims
I need claim support now,claims
claim progress pls,claims
how do I get claim confirmation,claims
can you help with insurance claim,claims
I need to know claim deadlines,claims
plz help me with my claim request,claims
where do I find claim instructions,claims
how do I file a claim for theft,claims
how can I contact the agency office,agency
pls tell me agency contact info,agency
need agency branch details,agency
where is the nearest agency,agency
can you help me find an agent,agency
agency phone number pls,agency
I need agency support,agency
how do I reach my agent,agency
plz guide me to agency services,agency
agency help desk info,agency
can u tell me about agency onboarding,agency
where do I find agency documents,agency
I need agent contact,agency
agency appointment request,agency
pls give me the agency address,agency
how can I talk to an agency rep,agency
need help with agency registration,agency
agent availability pls,agency
can you connect me to agency,agency
where is the agency portal,agency
I need agency office hours,agency
plz tell me about brokerage agency,agency
how to update agency details,agency
agency renewal contact,agency
can u help me locate the agency,agency
I need agency FAQs,agency
agency support request,agency
where do I contact agency for policy change,agency
pls help me find my agent,agency
how do I book with agency,agency
agency login issue,agency
can you provide agency phone,agency
I need agency information,agency
plz show agency branch location,agency
how can I meet an agency rep,agency
I want agency documentation,agency
agency contact details please,agency
agency change request,agency
can u find my agency branch,agency
where is agency service center,agency
need help with agency account,agency
agency support pls,agency
how do I update agent info,agency
I need agency assistance,agency
plz tell me where agency office is,agency
how can I get agency paperwork,agency
can you help me with agency policy,agency
agency help pls,agency
where do I find the policy renewal page,premium_renewal
pls help me renew my premium,premium_renewal
how do I renew my policy,premium_renewal
can you tell me about premium renewal,premium_renewal
premium increase question,premium_renewal
I need to pay my premium,premium_renewal
how do I update my renewal date,premium_renewal
plz assist with policy renewal,premium_renewal
can u explain my premium change,premium_renewal
why did my premium increase,premium_renewal
I need renewal documents,premium_renewal
how do I extend my policy,premium_renewal
plz help with premium payment,premium_renewal
renewal status pls,premium_renewal
can you check my renewal date,premium_renewal
how to renew insurance online,premium_renewal
I need premium info,premium_renewal
plz tell me about renewal options,premium_renewal
how do I change premium payment,premium_renewal
can u help with renewal notice,premium_renewal
policy renewal update,premium_renewal
need assistance with premium renewal,premium_renewal
how do I lower my premium,premium_renewal
plz guide me through renewal,premium_renewal
when is my policy up for renewal,premium_renewal
can you help me pay renewal,premium_renewal
I need premium schedule info,premium_renewal
renewal form request,premium_renewal
how do I set auto renewal,premium_renewal
plz tell me if renewal is due,premium_renewal
can u explain policy renewal steps,premium_renewal
premium payment issue,premium_renewal
how do I update billing cycle,premium_renewal
I need help with renewal quote,premium_renewal
renewal deadline please,premium_renewal
can you tell me about premium adjustment,premium_renewal
plz help me with renewal options,premium_renewal
policy renewal question,premium_renewal
how do I get premium invoice,premium_renewal
need help with premium increase,premium_renewal
can u explain renewal terms,premium_renewal
policy renewal status,premium_renewal
I need to know renewal cost,premium_renewal
plz assist with premium change,premium_renewal
how do I update my policy term,premium_renewal
what is the employee leave policy,hr_benefits
pls help with HR benefits,hr_benefits
can you explain vacation policy,hr_benefits
employee benefits question,hr_benefits
I need HR support,hr_benefits
where is the benefits handbook,hr_benefits
plz tell me about medical coverage,hr_benefits
how do I enroll in benefits,hr_benefits
can u help with retirement plan,hr_benefits
I need help with leave balance,hr_benefits
benefits portal access,hr_benefits
employee wellness program info,hr_benefits
pls check my benefits status,hr_benefits
where do I find HR forms,hr_benefits
can you explain maternity leave,hr_benefits
I need help with dependent coverage,hr_benefits
benefits enrollment deadline,hr_benefits
plz guide me through HR policy,hr_benefits
how do I change my benefits plan,hr_benefits
can u tell me about sick leave,hr_benefits
I need HR FAQ info,hr_benefits
benefits support pls,hr_benefits
where do I submit HR request,hr_benefits
can you help with employee perks,hr_benefits
I need info on family leave,hr_benefits
plz tell me about bonus policy,hr_benefits
how do I access salary slips,hr_benefits
can u explain insurance benefits,hr_benefits
I need HR policy details,hr_benefits
benefits questions please,hr_benefits
where is the leave request form,hr_benefits
plz help with retirement benefits,hr_benefits
how do I add dependents to benefits,hr_benefits
can you explain medical benefits,hr_benefits
I need help with employee handbook,hr_benefits
benefits enrollment help,hr_benefits
pls tell me about flexible spending,hr_benefits
how do I get HR assistance,hr_benefits
can u explain compensation policy,hr_benefits
I need info on wellness benefits,hr_benefits
benefits change request,hr_benefits
where do I find leave policy,hr_benefits
plz guide me on HR resources,hr_benefits
how do I update my contact info,unknown
pls help me with this issue,unknown
can you explain what this means,unknown
I need help with something else,unknown
what is this page about,unknown
can u assist with my question,unknown
I am confused by this,unknown
please help me understand,unknown
where do I go for help,unknown
I need general support,unknown
plz tell me what to do next,unknown
can you explain this request,unknown
I do not know where to start,unknown
please guide me,unknown
can u help with this matter,unknown
I need more information,unknown
what should I do now,unknown
pls clarify this for me,unknown
can you help with this issue,unknown
I need an answer for this,unknown
how does this work,unknown
plz explain this clearly,unknown
I am not sure what to ask,unknown
can you help me figure this out,unknown
where can I get support,unknown
please assist with this,unknown
I need guidance on this topic,unknown
can u explain the situation,unknown
this is unclear to me,unknown
pls help me understand better,unknown
I need a general answer,unknown
can you point me in the right direction,unknown
what does this mean,unknown
plz tell me more,unknown
I need help with this question,unknown
can u clarify this,unknown
I am stuck on this,unknown
please explain this better,unknown
I need general information,unknown
can you help me with this,unknown
pls give me a quick answer,unknown
where should I ask this,unknown
I need support for this topic,unknown
can you assist with this request,unknown
I do not understand this,unknown
please tell me what to do,unknown
can u help me out,unknown
